mmsi,vessel_type,length,width,draft,is_fishing
525190492,Cargo,227.18715802406493,23.84570230401664,6.406580720338133,0
561846218,Cargo,307.0829216108306,32.79041292200138,13.03154585441958,0
288409749,Fishing,25.79831812215705,7.521450495028774,3.022221826611983,1
400427519,Cargo,178.61035431983274,20.91975924478789,5.763088895994125,0
351079598,Tanker,161.42021841072392,54.869809580472,11.902179290023737,0
437544070,Fishing,28.555513171224323,6.199238449682265,3.947439821046639,1
454403923,Cargo,238.95963172575023,18.989022436501667,13.390684581691112,0
268979792,Cargo,218.65594573647093,38.22544912103189,6.337469050086933,0
286191493,Cargo,216.14998986391487,16.065830591272963,3.4649972595288743,0
639254878,Passenger,108.2441436706066,19.954573285674464,3.833411572926225,0
538175028,Cargo,223.0408150074319,30.859234716308144,5.470128153350174,0
372945196,Cargo,236.0751231179323,23.230779996940413,11.835028866522604,0
481154698,Cargo,231.81525541725853,20.9327933142007,11.428127762280916,0
311999993,Passenger,202.14645073594335,17.459233552262585,9.19929395156964,0
461917078,Cargo,260.6086171066563,42.33496804543057,5.277534139167836,0
234045666,Tanker,288.2771765934934,43.61636025047634,9.419520981579502,0
463183577,Fishing,17.202981193401214,5.468310918968223,2.8494661417402174,1
289178975,Cargo,151.72211640525126,15.812495414085973,13.127474852018263,0
339871965,Tanker,267.8590269105008,29.71884229412462,6.325614147937768,0
624623942,Passenger,157.6134793986067,20.95753198553406,5.996485912830927,0
449625132,Passenger,125.58711930610662,23.419170515951137,4.0351515062821735,0
235563453,Tanker,236.26914902565903,53.718621335497765,12.702213175819331,0
492072678,Fishing,22.418152014636608,9.382866846260882,1.6506100267669912,1
346412954,Cargo,149.0463607315965,15.846292579495858,8.738064031703923,0
576304299,Cargo,166.69696898847857,24.86212508491754,10.903968402848903,0
478710077,Tanker,162.48898474079454,39.8144919548836,5.305981512039107,0
349638768,Cargo,196.78109745995167,33.449023350447284,9.759737993942533,0
439253117,Tanker,235.51719210134723,39.65288230294757,7.325287849521872,0
598129398,Passenger,195.71291258060083,28.75966516343387,8.582063894086094,0
231378291,Cargo,154.53062726026306,29.545973447131637,10.650810178487028,0
407640719,Fishing,20.065675177966735,10.769487825025859,4.706604953678462,1
251939266,Cargo,243.67947078176897,24.63839899820978,13.289586569484648,0
481420264,Cargo,154.02878828830984,45.499344050175395,7.650240122991288,0
210047453,Passenger,137.117539351773,19.861445679557555,8.482481270090435,0
660284527,Cargo,268.19432622085526,55.391627162693325,9.026527126513319,0
309169700,Fishing,22.94133282904495,7.559163821238881,3.18062297374022,1
523659410,Cargo,226.09707828084487,32.96984673233186,10.75147855103763,0
561378378,Tanker,270.7868925698186,48.53997786494901,19.15437542930185,0
479746008,Cargo,208.74165059957357,17.83145107640761,13.148042176962598,0
574431904,Cargo,266.25528307571005,29.9514305534897,8.850030081202291,0
305797503,Cargo,243.3614749488222,39.58413836213298,11.25435556586676,0
248673237,Tanker,136.8083172528617,31.104855703744768,8.736758860138247,0
277729132,Passenger,186.42048873978672,24.85137321156305,3.1272475800307995,0
388652398,Tanker,199.15854831324137,25.93594732818451,11.861881375620767,0
332166290,Fishing,39.798487751985526,9.190322843813387,1.2167489378344762,1
266385640,Fishing,22.568655395929845,7.617185617155877,3.3415908059487163,1
510493790,Tanker,199.1923769158957,24.851527753141355,10.213940191731915,0
443959576,Cargo,242.81993971617362,40.96329789541089,8.993766927787481,0
502434989,Passenger,159.23814891780532,20.955315543048194,9.114847017724752,0
509305248,Fishing,25.513608594796352,9.255918407517806,2.2718207506366666,1
399759529,Tanker,280.9021160325196,45.13785950912209,14.06019074522419,0
307219264,Fishing,63.527314906547204,7.504071156339313,2.31282482466749,1
249895282,Cargo,142.37173141699924,14.99231606792826,10.495068394328015,0
589115544,Cargo,157.20355410853162,31.498337163395984,10.422722104213967,0
366793897,Cargo,176.40340671052832,40.889505969673664,10.192840057286388,0
590073323,Fishing,14.22255222070694,7.857068866528867,3.5186944577177792,1
497984991,Fishing,48.89035957392463,13.5302412749616,4.363435490951704,1
270009467,Passenger,183.150639104195,18.460428501653123,3.0188009008452723,0
203695961,Fishing,30.04987278980457,10.597265582510364,1.7997035929442238,1
201043233,Cargo,183.27493820795257,26.80644922185222,9.386150483567235,0
456040172,Cargo,218.86481327302045,46.5135098647949,6.019504701592309,0
655149199,Cargo,292.1857898875923,23.19995665882057,9.209782465398181,0
463768157,Cargo,222.19097140731142,37.74634053429337,7.2192085852657515,0
622933030,Tanker,246.428478636292,35.18751866176494,3.6248239838597485,0
406411513,Tanker,342.584059111545,53.23263807151237,11.486351413841167,0
213470137,Tanker,222.06011372472722,71.87033338072969,12.336654084031684,0
697576975,Tanker,261.9435817344082,33.99783122841205,12.279208339960075,0
524159127,Passenger,134.5874561255296,28.74552838482162,10.617913658040324,0
462869948,Cargo,234.34242563829855,30.70972415639746,11.317981420310304,0
504045611,Passenger,145.66008445745948,20.584606707602333,5.601243903207036,0
367345404,Cargo,214.04959338675164,23.773004801794063,9.375633248928175,0
299952217,Fishing,20.06999065341167,4.285307446554951,2.1753486723489273,1
491586873,Tanker,307.1206656308017,54.52550247462371,13.448055647769882,0
337587448,Fishing,30.81314134035724,2.0,4.389566338614964,1
526093538,Tanker,248.74590436215112,41.17327383308782,17.110659583153698,0
439475901,Cargo,170.4214305582085,14.659348813010721,11.089208810011925,0
693529366,Tanker,225.52507883372226,42.61623055972466,12.048586036292901,0
500860757,Fishing,34.30934083974079,6.231041429938503,2.7016987768362926,1
558807996,Cargo,216.2083176244221,28.698569456323153,10.290987894978155,0
515446132,Tanker,285.70942152621484,42.019074418027955,8.781053259698016,0
576788436,Tanker,296.2406997713867,46.67056103469792,9.203413687632331,0
485746308,Tanker,249.47097722525154,43.24518316374555,18.70117299867288,0
602232046,Fishing,29.129314542756244,6.308826341588075,2.1777796044335687,1
526284940,Cargo,212.18436057459562,24.945577262081365,5.929643546744313,0
292792001,Fishing,36.54354338408924,6.567854808274038,2.335772556695577,1
316595132,Cargo,268.00556831240857,44.78252114822463,7.361596479259729,0
544682002,Cargo,199.04918960486555,19.97470635362191,9.94446059202283,0
273851335,Cargo,185.5670680539931,33.227185603380896,7.518307169343031,0
558066124,Fishing,19.60254640675406,3.7401151010249287,2.153066262752337,1
463435380,Tanker,247.2850225756408,40.69652664518879,15.93401722543386,0
516953828,Passenger,183.74296091121377,19.668392608800158,5.596373114944799,0
508915765,Passenger,111.31555781596133,29.361603183603393,7.366684011476703,0
332985867,Cargo,156.22191059840196,27.651516664106925,7.038312376981224,0
256987271,Tanker,220.53018827503257,50.32600404017977,4.759474700015936,0
626897448,Cargo,183.8313600498399,13.398825794436666,15.183242882302778,0
235154828,Cargo,125.36993177921535,16.79766792979358,15.494376297563061,0
698490609,Passenger,100.73076929960698,25.947924600802946,9.799193295705466,0
673674990,Tanker,223.1543185445117,42.95477524423183,7.6106165257333664,0
607654229,Cargo,212.93334560051085,42.32514211736251,10.656049276828423,0
363920642,Tanker,220.9374584818418,55.16233322933896,13.24983392439179,0
627982281,Passenger,95.97112188233974,21.813822339620614,5.686942097062365,0
553165059,Cargo,161.04598853760623,37.11614878088889,6.6260737244863925,0
664555355,Tanker,41.309847181806624,37.31736938050487,9.928350976777462,0
599319275,Fishing,33.92825364298855,11.079739539656234,3.1660881325081514,1
238720111,Tanker,93.47271941893746,33.44914716175922,14.374968703364846,0
320907878,Fishing,37.12815073682685,11.175273460548762,1.2412605135768857,1
468327770,Cargo,212.55974861098372,25.46203335027844,3.912307434718033,0
405984285,Passenger,228.45213887854553,29.907736883650404,7.661401114127864,0
294804867,Passenger,198.48625732900408,24.2797535086274,7.2560821371169215,0
561339005,Cargo,175.93308253601373,16.95530499495147,12.009017646490115,0
216663288,Cargo,317.0987601256498,18.981452000182394,14.835378297155307,0
507096451,Cargo,159.35222259406734,37.47368031611801,9.127923075906871,0
382784092,Tanker,254.5628823937831,43.52959975538902,14.464426616078997,0
619271337,Cargo,173.56380072501477,28.92969640045442,6.894273032741878,0
690785313,Cargo,181.2669335821928,21.8132301468142,8.12428544933933,0
469658325,Tanker,233.58341538976188,48.5135426460051,9.518545109857792,0
455640828,Fishing,25.23751481997747,8.946907930043716,2.9648030615375154,1
334285389,Fishing,25.565589495891693,12.93490314050385,2.7509639604436216,1
210466615,Cargo,220.0109485203519,22.154881061866977,11.415480973799188,0
511008761,Cargo,232.5532528335152,18.3023156617491,5.02272523483703,0
682776694,Cargo,190.65474387197955,29.52209122626462,6.816212101160228,0
664785944,Cargo,167.2813326943492,32.18222732531096,12.731692367113242,0
368239170,Tanker,232.11368383882208,61.72842295373305,18.251254264832443,0
571666855,Tanker,283.3384143780121,29.627538456735437,11.238645287665568,0
685684741,Cargo,211.2998637047015,38.39747437897714,9.966317669861086,0
452079480,Cargo,118.10029821433055,26.38577160573023,9.284519897847826,0
684514415,Cargo,180.90448888156192,25.865487611823003,7.5142486869437946,0
544601334,Fishing,19.548308006681562,8.52189898750871,3.9078719472424277,1
222763342,Passenger,126.9291467772667,28.77695612912878,8.001834375248762,0
443794766,Passenger,110.89779020805796,16.269192206694044,12.233399893203186,0
543930500,Fishing,19.35442996730425,4.993859829113797,3.279757349786709,1
693220398,Cargo,62.95225777701492,39.87493005700722,12.292613164005724,0
226216317,Cargo,196.69601006763418,17.889838002375434,8.044491676593523,0
240435721,Cargo,202.3699335658207,49.97008156842946,15.951976383054804,0
455857831,Cargo,169.90156605518078,37.602510946353604,13.318987314485328,0
614791575,Tanker,296.29828895808015,52.88406340178489,13.858066420971397,0
632621124,Cargo,218.55729366856545,23.960148132841795,10.2597693624187,0
594401599,Tanker,240.65936587647522,45.7930343687222,13.9891671113231,0
412760379,Fishing,21.815214893496606,7.042828936800971,3.543483152963778,1
667423363,Tanker,312.09525562483594,48.202457394862556,5.170891377489605,0
530491719,Tanker,127.71252788932877,29.91913689082596,4.516832315896577,0
211683982,Fishing,21.484865159586914,2.4172703574360606,3.996940068278403,1
336826817,Cargo,244.62054099076056,30.956204458893925,7.345552174246046,0
211630982,Passenger,161.47765044897193,29.580856328023106,9.180725823387291,0
215586926,Cargo,231.63909330531425,52.70692857804396,10.545598765175486,0
465094240,Cargo,212.4110293150168,39.70077777913727,12.162319147421734,0
541641411,Cargo,275.4885656229812,34.02034480046922,8.957419798681135,0
675159710,Fishing,33.291386845852685,5.661721412367401,1.0,1
209828366,Tanker,223.3424043954333,43.77300493044852,15.027954466581408,0
269353566,Fishing,15.778346758223746,11.991315689807248,4.999317206249804,1
625327898,Fishing,14.41614597152948,6.461256875085754,3.170594203580863,1
573687086,Tanker,300.1339239009942,48.13688575956651,5.995342206627653,0
260628583,Passenger,247.83007918467305,25.646105909876137,7.218789589209786,0
404008311,Tanker,293.5459974339215,33.973521946946846,17.20739667264038,0
532091442,Cargo,209.19416759525788,31.000954425796984,9.729317007831371,0
671764372,Cargo,239.05366338082266,25.975488913731624,8.712585894797229,0
552816128,Fishing,25.557249122886947,11.282574555412845,1.3075353702851806,1
565919368,Cargo,276.4775159730307,36.16215816968061,8.108762127911097,0
690774306,Tanker,301.1347893418161,16.792626260218697,11.080481714214454,0
683189153,Cargo,231.40700067403347,31.61353225878903,12.326417717466743,0
362132730,Cargo,187.7128467957028,27.2727643025233,1.909340071175285,0
682728112,Passenger,147.8282053392875,21.408482919146255,8.811775222981005,0
576586097,Cargo,149.14039147273047,35.16669308648123,7.602668287524205,0
209427504,Passenger,143.41857367801217,19.6987086302694,4.7641096872660995,0
422431666,Cargo,209.90423803839278,28.556395880760572,8.279013979359291,0
616899357,Cargo,172.65705293798038,33.031056661005785,13.499502489775319,0
582506354,Cargo,269.4291134520144,3.4064864295062725,3.7648700352431708,0
329880894,Tanker,175.56159533874575,37.01362208201482,9.13676052452553,0
213942402,Cargo,129.62441526410893,22.221833124091248,6.668272463602514,0
333799387,Cargo,287.61352217118116,42.222033462079374,3.477029307740058,0
505428438,Cargo,204.93728888186672,28.696548540127917,11.501432558261897,0
627097505,Cargo,147.3370639677502,42.49805319411215,11.260973761553561,0
498112499,Passenger,106.7574668960041,28.07967803472132,8.186202515936767,0
567256326,Cargo,184.5226780343005,36.88838247032785,11.400347650794588,0
206202258,Cargo,116.51104139658,47.646869342627184,6.275496307152632,0
587813846,Cargo,159.18472954725772,41.852102915108894,7.98988241933396,0
677033524,Cargo,210.5508733601309,29.032868881296075,8.365242739573151,0
682888311,Fishing,28.991361143520706,7.9403308115276285,3.333643531450597,1
671494513,Cargo,307.7619769216537,36.72257284413772,8.13143649069615,0
669878787,Fishing,20.818569659907283,11.309075800333348,4.151425374464733,1
327395967,Fishing,26.958452550976816,5.0648816671549035,3.408252755714472,1
542488441,Tanker,147.84498374572956,34.386331409043414,13.256814931801802,0
258771482,Cargo,281.02667225829384,45.70494635261139,6.988726325309888,0
387992985,Passenger,170.41185558329292,32.019487705991416,6.0089853270610325,0
646124161,Tanker,281.0595412281474,32.742561868465344,12.747067057908314,0
261399188,Cargo,162.23085338233386,27.749940966296247,13.622776511290786,0
614605498,Passenger,172.958678368067,16.232131410456564,11.162629313530283,0
662018628,Passenger,137.8178544605097,16.22606579712383,6.752212042518882,0
358973394,Tanker,215.46173042573358,41.220098146453616,22.24033815307518,0
289817241,Cargo,195.1970050137675,8.806426319613578,8.947404079079382,0
362322048,Cargo,298.7513676815391,29.52735347370991,5.326143046969996,0
412239588,Fishing,20.99618639816682,10.957168150470691,2.405535451861778,1
371856912,Passenger,147.02266283599815,28.10336048775339,7.355402001866508,0
660527367,Fishing,11.646556412898988,11.853599101801683,3.689036203214972,1
252534223,Fishing,20.46255691463558,9.898824901380396,1.4734481383022535,1
496607596,Passenger,147.68380370648862,23.448271920220073,7.2313696439890585,0
438694294,Tanker,174.94022014108918,66.05977466959519,9.068239524884495,0
490335602,Fishing,21.38539275240569,7.881334538430035,3.6815006973726243,1
606086566,Fishing,38.56633382183454,2.0,4.347855781329036,1
460606571,Cargo,264.8703057431312,19.575151257728614,13.833780487714495,0
480703339,Fishing,38.338596197607146,8.953445196887412,5.042396422714073,1
286621344,Fishing,29.851751052295892,8.801150797607777,3.889630795623437,1
304800566,Cargo,212.80807292169123,29.80118389711135,11.922711548227708,0
240739629,Cargo,191.4043314464121,42.23170950591457,7.949704629609631,0
650437364,Tanker,405.862278594063,33.49629055929973,9.28916397749982,0
570958334,Cargo,123.93775627056772,45.795721457307124,8.431419918540195,0
674482690,Cargo,106.93255481615883,27.002614233907973,11.363690446898968,0
317105071,Tanker,294.64229623894965,20.663216988924397,7.170416673414502,0
600522379,Tanker,283.78473243835424,24.674726580826785,15.32617103083713,0
698940467,Passenger,158.3045075291226,24.254054201206404,5.681173177097995,0
653416245,Fishing,27.891686439078182,15.365900419732682,2.362260015748684,1
463875312,Cargo,173.4501522499091,35.15272852986766,13.582545887653206,0
278427656,Cargo,181.33003658117153,18.26429792987875,12.387719514542422,0
482751135,Cargo,252.42654692538002,52.35674686984474,8.002184551613812,0
349744728,Fishing,40.47505201330062,13.387633019286564,2.3872113095156138,1
546395544,Fishing,21.12298440064016,9.520203987460512,2.7992870516627164,1
334823137,Fishing,7.514530150424738,4.227979098713467,3.8841008365591794,1
548090821,Tanker,192.9589725156804,49.07494768417256,12.143578199070799,0
359394855,Tanker,290.9134893775787,58.46707325736033,14.335712741303855,0
343674535,Fishing,21.407079092129404,6.0864407098116775,2.525854418876543,1
560815372,Cargo,225.12083160935137,38.57445931717406,13.025562474335745,0
344332806,Fishing,40.31688801240915,11.120617784670987,2.9052466264215977,1
500419743,Cargo,260.3254483254178,21.83064329012764,11.106019926618703,0
232073692,Fishing,21.066611876726395,5.653712944182593,2.3849819886602033,1
528279706,Cargo,201.2321049214292,30.8995614812679,12.259912807232947,0
328184994,Tanker,168.9850952834305,36.09061430334775,9.318273731814962,0
445847272,Cargo,195.2352233806524,32.790215257703395,11.823689529149618,0
467269315,Cargo,209.3304561578179,35.18639647613567,8.12587983051369,0
377715391,Passenger,135.4817088412517,25.87319634683914,3.380082198038588,0
396460538,Tanker,307.9008976637938,34.13451911478657,19.64321835383514,0
605427123,Tanker,343.9314417540604,39.34249738927012,9.779201893227206,0
497656835,Cargo,294.0578534720295,15.51986099583756,3.403582130139754,0
392455542,Cargo,172.8697579120861,38.771019787862926,11.391171572171297,0
227209162,Cargo,228.890844544057,27.775872215444345,6.559124113799682,0
392102351,Passenger,136.25246608248867,32.74604738263152,4.7668283914923055,0
578406844,Fishing,13.286569902690282,9.061288336975604,2.7120477780971934,1
469510417,Fishing,24.17848821607431,11.351887494764384,3.342725346377704,1
607090861,Fishing,29.56753219153784,6.88937173156025,3.0233076008858695,1
389700011,Fishing,37.492017674875335,9.474213701058492,1.9692824971984768,1
460125931,Cargo,197.51167451754577,33.655067348266925,5.2608307878646094,0
353869243,Cargo,206.40522074553945,23.18948342525119,12.521930646966172,0
544542924,Cargo,167.36880103488045,28.810020242691063,6.466310071058282,0
288240465,Tanker,398.3367677363596,35.041338219927155,16.094086089862643,0
328208997,Fishing,14.063710539366049,8.7739909763602,3.469116709781063,1
289859624,Fishing,24.963974609094315,4.524905932422373,4.503398301767151,1
241965471,Tanker,302.6417374345403,50.231412046872265,12.366342954775051,0
520035404,Cargo,191.04940164412574,22.681229143697827,10.586230854989898,0
417268209,Tanker,186.2420333550339,43.51891067906436,12.531122793056621,0
291144826,Cargo,202.9815184960087,23.530632222944263,12.09466994084077,0
422170429,Fishing,28.934853854217497,9.554200831535274,4.307986637140105,1
353846218,Tanker,256.8720019729278,49.501454709988316,11.208187493726678,0
313398568,Tanker,329.03669360387113,37.780875472064466,7.14192417740292,0
600628747,Fishing,18.485819963855516,6.5483424978370355,2.6796526918056798,1
573214563,Passenger,166.96663785607666,27.855969602839814,7.750502511237437,0
387525407,Tanker,427.90062110324334,39.03371093376779,8.26714636941761,0
628608360,Passenger,180.13303041508965,20.783134227303098,6.972900903905081,0
610431932,Tanker,234.5574077545993,23.314159261224102,13.596892490421117,0
416867219,Fishing,31.471959397027412,12.15332633505694,3.757455749317041,1
220808635,Fishing,9.381931386045284,14.005211307590406,2.8946080745626737,1
310388641,Fishing,42.80829212966642,9.799351567894186,4.1335467745027055,1
345404089,Passenger,209.06161398903583,31.900456770737257,5.748874596980941,0
346168559,Fishing,28.95803533437409,12.979842808175864,4.275644482625774,1
254181889,Cargo,216.19000638029726,27.085100210065097,5.048526369886715,0
501958766,Fishing,24.495771482785123,12.626767838145497,4.804497088361609,1
609145062,Tanker,228.25354351581208,28.80330105373856,6.821274097116378,0
225227191,Fishing,36.608267873785195,3.7811461142501535,2.447372005093799,1
237407753,Cargo,95.24212386600072,32.541738922462024,9.222248672259322,0
516038091,Cargo,261.6843460688018,21.616125088821146,11.561993261602627,0
357502584,Cargo,118.16375043503295,42.0569146008143,14.484065726093139,0
506526007,Fishing,26.777558935804024,11.090850362095527,3.2387891590265134,1
680691132,Cargo,183.91884319770185,25.489949698700723,10.447531781034806,0
436268004,Cargo,176.11599270528967,28.100056128176206,11.345170880847585,0
378554061,Tanker,197.13357102841232,56.15958503338744,19.886675001847266,0
514093784,Cargo,189.34323316663395,39.16327674702482,11.039465427693978,0
266984430,Tanker,122.70664351667095,42.92993527451956,7.737745100539898,0
279638835,Cargo,204.59028872903366,20.615320897941515,11.932804478527904,0
607644145,Tanker,285.9996524754902,31.8992691579051,10.16625223925233,0
222791342,Passenger,126.24653964006185,29.35033865344377,7.991363775945209,0
450173385,Passenger,157.35084538492168,25.83384809798259,6.1959303793095515,0
387594691,Fishing,27.79030425462539,4.770018475467004,3.668407960942365,1
281022004,Tanker,300.35109206297875,58.15372684826906,8.039895054774954,0
492536894,Tanker,223.59955654027584,39.35861653407007,13.315049641213923,0
339094600,Fishing,22.38033563681447,6.476960652603013,3.3023988442382244,1
417646723,Fishing,17.146468574879467,11.140760382950036,3.5699503053413824,1
405358056,Fishing,32.899000800378744,6.825723449939794,1.5309204393637916,1
536644820,Tanker,196.05030237987765,29.037249131047982,6.2397964696228225,0
502654356,Cargo,243.7417219134566,8.430193553003269,13.190697158158056,0
262994533,Tanker,384.7677379561607,41.696937923520196,9.199536507179968,0
240133569,Tanker,115.05425631664365,33.17007669648877,12.23656848908969,0
310131828,Tanker,317.56702156092285,40.89608159927609,7.274424066804794,0
636778723,Cargo,269.2136409255259,35.639091200523595,11.784263024995857,0
278308332,Passenger,184.1366223512123,23.64700054168315,9.523640825868217,0
506146420,Fishing,22.47314311999036,9.176253589102608,2.8111033122155247,1
676190588,Cargo,227.65366382202396,34.61696918124212,17.041142450118194,0
434530460,Tanker,260.7936490692087,53.92002286344599,15.673266424009253,0
297169328,Fishing,9.294993963768226,4.824081951808756,3.0631654593071738,1
413808166,Fishing,43.46626500830473,8.666848152374852,3.1604762069988457,1
577643043,Cargo,153.13859755830887,21.77378584510899,9.54897423225729,0
386455415,Fishing,14.982317214353454,8.20541410558601,5.546048333404475,1
292796686,Fishing,29.130565337861825,3.792184184600919,4.749576743186939,1
307473479,Fishing,28.167420588044376,12.528987375188121,2.1427255802582743,1
634540131,Fishing,14.41700395040873,13.458719140095967,2.1718060187342365,1
306102729,Cargo,311.13478145675373,17.62179055912884,11.573088241758732,0
594019446,Fishing,17.650895855222004,4.064479615507494,3.1442500228173906,1
652028834,Cargo,248.19395583974548,52.10523001591351,8.3275246449765,0
272045464,Tanker,167.81182122525533,31.963254320302692,18.55646722177627,0
597704358,Tanker,312.5565301381892,34.80146608451246,5.403670664263109,0
297163884,Passenger,191.82940530161363,19.496103585816577,5.5774027504789245,0
498173123,Cargo,261.9274977455966,27.850674940146078,8.437258541989946,0
290827527,Tanker,262.3257157762882,43.30880232214457,15.334115846435699,0
519261052,Tanker,168.5646861503932,38.109185308381264,11.425950622578354,0
653765473,Cargo,173.5668998331419,10.48881525151143,8.113213326433922,0
581253049,Tanker,190.55845668173782,46.294135848867874,8.340163728869214,0
226471311,Tanker,254.87661056602167,39.799811006555714,13.534447883151728,0
304436059,Cargo,243.26584510101898,37.64096078496274,12.319321620085713,0
230267797,Cargo,142.24101244297842,31.920491164900316,9.072650607392497,0
526707983,Cargo,138.09186125972164,30.248523382446443,7.953896850402057,0
613698817,Cargo,141.27550587534307,30.871864042064303,12.124267365570029,0
294409907,Cargo,209.66653334763666,29.037266917979032,11.095902979065366,0
268903155,Tanker,334.1243288330706,40.81829358547565,11.604441387235429,0
212774615,Cargo,288.71062520690106,32.60265558367727,8.915842698454487,0
511505294,Fishing,20.498988663097762,4.436261574073805,2.6469839432744378,1
612745169,Tanker,255.23889844051382,45.46691605771313,12.49292109165865,0
473708320,Tanker,292.56770904579133,39.74973041254856,15.271065196801148,0
263607605,Tanker,219.02463904377237,49.31776097408706,8.801844315069264,0
226231747,Tanker,271.09287752955333,45.077576703115,12.215953673783172,0
465498252,Tanker,293.54600938978194,35.410431141754266,5.374268539315398,0
476772356,Cargo,262.82181711725946,27.86557129069792,14.472178410549857,0
218268849,Cargo,207.43337286010558,26.629140288819602,8.159792009377181,0
467541243,Tanker,231.8518188107123,55.21172137764742,17.393120263705594,0
662334052,Cargo,123.28506868077707,39.12435249259167,11.498580955286226,0
224525886,Tanker,387.32092412786034,35.674677383009815,17.308312408054665,0
647691234,Tanker,179.79321843643842,21.9801956241998,14.165850912819153,0
247378941,Fishing,32.59155160302647,6.298422743561965,2.6105821225069623,1
373249253,Tanker,301.78601357023786,32.035598189404205,12.435382520836482,0
252058324,Cargo,144.06842859005963,34.162363669275955,13.228549963990963,0
477526500,Cargo,199.2345075413502,35.792914996010886,10.35874110524246,0
605260595,Tanker,191.61586354710667,33.13084244207512,10.167133922797698,0
692462625,Cargo,258.41088609084323,21.370946612495015,3.0919090313658506,0
562696101,Cargo,177.7527119937664,34.94595748321098,9.650028370503188,0
638728895,Cargo,166.54636306700417,40.39904687396076,8.183153380789408,0
590290441,Cargo,291.3004856773468,29.12361742183522,10.458153697659487,0
522690331,Fishing,39.10568005005159,11.643437401722041,3.2765436668926666,1
486268347,Tanker,297.9699552102489,50.10862240371839,11.477939680412025,0
686513579,Cargo,300.66936237633115,31.365353310827373,8.904035346063674,0
252005527,Cargo,209.23401529324542,30.100233022422536,8.37220310670677,0
573434270,Cargo,150.9541278519851,16.72081928312727,12.04079613788644,0
410922986,Cargo,257.8907421012005,42.440339481348616,3.3905186175224142,0
495119367,Fishing,34.960476858058165,5.7296147342916175,1.5781893332581562,1
223250723,Cargo,275.06668259777433,43.28194141849058,11.66869002820198,0
330146681,Tanker,307.731961275707,39.471400457087,8.875918282940438,0
689440001,Tanker,227.76962189862886,54.55618690081116,19.197086300076,0
465299231,Fishing,14.263709939978853,9.092820217413315,2.170962541646792,1
415143245,Cargo,210.08502799582735,50.56207129940322,6.69037490283495,0
696896413,Passenger,158.4228013583386,27.562497761107586,6.3584503341874425,0
399522425,Passenger,149.89593329563925,26.520630853349047,7.531796959627696,0
388663016,Fishing,46.289465557456,10.066034071056277,3.37249570979,1
431319263,Cargo,279.95611675746875,31.81021558703707,6.10950415613246,0
467954709,Passenger,219.1956461807934,26.500960813000972,7.644981431345634,0
587104305,Cargo,165.8834685071253,30.30478850265665,5.524191560585876,0
663004108,Fishing,39.781268261732606,6.5129097719301665,3.6600105931171183,1
314114582,Cargo,271.76235132362683,37.53341621104533,11.143475154648334,0
247766655,Tanker,178.410721234076,37.67106586762901,17.307237680167965,0
227705858,Fishing,27.47026643605113,11.863947421405815,2.5771880389144566,1
436588041,Cargo,237.96054999599167,35.83886294375313,14.633578011034281,0
366196616,Cargo,247.2596863506797,28.659828333270823,10.044064584187591,0
351661109,Fishing,33.26994389117318,10.39340801914825,4.1263668609956055,1
609392197,Fishing,32.840331804651036,5.548443600173014,1.0,1
248085527,Fishing,20.418630127862656,6.926848453192267,2.606018636697579,1
317369104,Cargo,179.408692284054,24.481418541075534,17.674597857004755,0
478544087,Tanker,236.8155817958274,36.83178238708203,11.023200659230286,0
626786461,Tanker,256.64926570802817,33.75210453065947,15.311400383849673,0
249351998,Fishing,36.15902053365362,6.052203265772227,3.947825802837216,1
480027567,Tanker,290.9220670026356,30.954853110105674,10.787628222421231,0
676129760,Fishing,24.17319314157301,7.634757474850149,4.5134497432421306,1
449594875,Passenger,175.2324673821911,20.60474557412055,5.920131080922298,0
353122543,Tanker,282.7073048553359,30.565844849916207,13.215121237962022,0
373061890,Passenger,94.93233837447674,22.361115678770304,8.542877983831648,0
409274732,Tanker,225.3147416404378,45.28748845799661,9.234730515932892,0
458472852,Tanker,116.58327814026816,28.30083164289712,1.0,0
546180867,Cargo,204.99527719512048,31.4596160971315,8.6070389665076,0
404539475,Cargo,182.6957791413796,33.53482905948667,10.364515034205146,0
445048171,Cargo,152.2969126126839,20.46395386980302,6.792248218143525,0
277906501,Fishing,5.634812654918841,7.935898116954691,2.2527883208521766,1
469093459,Cargo,252.65287165076896,50.333052986034645,6.058726558941902,0
571190853,Fishing,14.046983849301428,8.74123213341891,3.087331057915409,1
465525446,Tanker,319.5874747173583,36.23085774586104,14.169855446000948,0
649042452,Tanker,325.26141211436277,47.94264679621827,6.982842307323002,0
480591319,Cargo,136.51550064634463,19.265323222605478,8.177963203703635,0
452346965,Cargo,281.4661668309013,40.17501229084181,17.98954705035947,0
673046369,Cargo,250.6033932351929,7.158521425176598,10.717925400461038,0
634423277,Tanker,335.75945576277127,29.278609880143932,1.0,0
503646209,Cargo,143.78537028970845,36.50190380730754,14.897957493091392,0
358785518,Cargo,186.9543866941435,43.97226422558763,10.171039409113154,0
423151807,Tanker,249.18382993328066,54.57358558271021,15.36979969962458,0
236185155,Tanker,228.2370586252042,41.22670315994795,18.49871383387824,0
212155092,Cargo,151.29818884410616,34.59497306070692,14.747781896444776,0
425544257,Tanker,272.7920710425449,39.38956574530005,9.05656620270866,0
366222944,Passenger,200.58313509353854,22.68417566764267,5.393272407879458,0
601184170,Cargo,93.50115622085265,31.132704105377645,5.6851660650479,0
384058331,Cargo,159.43933930722258,39.343097459212316,13.148962533581036,0
294308589,Cargo,130.97283273762952,17.808853886807835,10.353163652142731,0
385806091,Tanker,272.8047225065064,28.8138066556644,15.155597192133804,0
230284261,Cargo,186.4043999463282,26.652246678934592,8.78905461027401,0
281560164,Cargo,239.08996556564557,35.676867509345854,13.010495360658593,0
659020050,Passenger,124.8833390960767,25.957604819329823,7.482476275310696,0
595680783,Tanker,249.45480551642464,43.031229615918434,13.470089210037482,0
229754469,Cargo,169.1889723296696,33.89886819472395,7.6828906470571,0
326118083,Cargo,228.9816586606788,33.257963165821664,10.583152904732009,0
664616924,Cargo,182.34168535946557,34.83772740951845,9.293753134260335,0
241156155,Cargo,184.8169238063002,10.447235736898993,9.503802945569465,0
497448405,Cargo,265.2984958663594,25.016376078075535,12.978065616738377,0
573722388,Cargo,170.08160948848905,46.41046629728958,10.747595628206968,0
688670282,Cargo,221.07367249379516,42.17158520825497,14.563948155767354,0
592764228,Cargo,221.4665510909951,33.82441417819298,8.532715642243279,0
216394487,Cargo,214.86548228404212,25.979332554833295,11.572794032929506,0
325739862,Fishing,22.757448412424303,6.217469753810128,2.6640204904270552,1
494228500,Cargo,221.6364299565092,35.13907849658915,10.538745345818795,0
268997670,Fishing,27.822076428899344,10.239680287043209,2.620670080161671,1
636928653,Cargo,143.06660307645436,31.408284265277498,13.30179282028393,0
637229085,Cargo,195.11384734645407,44.11709375931456,9.851869289331445,0
591887461,Cargo,184.85177725490357,37.0945181713904,8.69354088829047,0
353631666,Cargo,227.04346112406733,38.84751054763314,13.009639599217072,0
340341880,Tanker,373.41113324386123,46.59380586186951,10.454093130992103,0
537953701,Cargo,114.9897562725967,35.283030346669186,12.236212592036205,0
476987898,Tanker,196.84504024244325,49.50307591973576,18.8424534903277,0
459116158,Fishing,30.591592889031848,14.75866064665925,2.49516943515505,1
276350218,Tanker,297.70429700834705,32.66212026214636,12.14425356587851,0
625109442,Fishing,42.21851162944331,7.7472216594964864,2.48668877167663,1
477828065,Fishing,25.2772168847657,8.56874484979623,4.001046092567141,1
438058926,Tanker,182.774640405303,38.90062284629816,8.053444061441734,0
513997844,Cargo,176.57085340449922,42.21800552518813,15.248743915817496,0
682898051,Fishing,16.885103222664757,9.166160369153326,3.727319847020715,1
254441451,Passenger,123.03118374752543,25.61602403392243,8.102970752080935,0
226912512,Fishing,18.763945650707935,3.3537112336301638,3.106178767822212,1
689010642,Passenger,131.21791283754666,23.899026864960213,2.8642905471280153,0
675796770,Cargo,135.60263052410002,3.685681165800938,12.888006758756594,0
412587376,Fishing,48.63717869296701,7.07237276885041,2.247843594409417,1
509446576,Fishing,20.07648987860439,3.971286805191175,2.4192222114960282,1
335718676,Fishing,33.53713045682828,8.31063241591818,1.0,1
416553151,Fishing,21.0088814779725,6.041309682765314,1.6222992268831475,1
340063175,Tanker,138.52047750253573,28.18057149072479,15.341977111683043,0
400693664,Tanker,221.01633689899364,41.467930119855495,18.448882513021697,0
237962717,Cargo,244.8419657932766,35.879297427343914,13.256781029224515,0
613697774,Cargo,276.0699248915961,25.090625501286347,11.535772273087824,0
430510696,Tanker,239.90150596227585,48.08985515032976,13.221279118188264,0
209249677,Tanker,292.49286539539344,42.332161312635016,15.81254653565298,0
698135668,Fishing,27.87124165201824,4.568821378038015,3.108559705776523,1
402010621,Cargo,77.37965382838689,45.57968849152924,9.441632956743492,0
449205309,Passenger,119.2525474371983,15.203048869546281,8.465298721458165,0
317216760,Fishing,23.31410379189251,6.056935922949707,2.704023156594266,1
382683720,Cargo,254.18030399150928,40.005823180429786,7.988139372770066,0
407791969,Tanker,194.2612027406425,18.438989686251833,17.98402885086871,0
262929994,Cargo,222.86149374138444,11.643423671379631,13.51373736796463,0
546113635,Tanker,284.6102900724756,16.082783422872065,6.932422113904595,0
392321956,Tanker,252.65556316421976,36.919657158142584,15.11864212907736,0
309297308,Cargo,82.52358465040672,33.34499201778118,11.309275388479236,0
617210943,Cargo,266.317109899361,13.711098164254853,13.817462339796217,0
685485771,Cargo,153.09113122861473,31.41861055207499,6.655756878025333,0
560193453,Cargo,204.88379277801397,29.116370407946647,8.889966910353616,0
300296497,Cargo,158.09018429952405,25.563816954829466,6.711630925785794,0
547543721,Fishing,24.64004588022758,6.575679063548876,1.0,1
529455611,Tanker,198.27700711573038,40.94999883497037,7.69894164709466,0
611209439,Cargo,216.49199768116713,35.289579363925206,3.883116168983752,0
430689072,Cargo,136.59822252494234,31.2332907439054,11.969443635505273,0
529917793,Cargo,175.46139350885596,22.12216248091761,8.137457205246651,0
597061037,Cargo,144.26573193700102,37.46259707466592,10.512495695239892,0
556415422,Cargo,263.01037030394195,28.281370135367084,6.675506406427595,0
689187466,Tanker,287.86339108129033,33.4591999018568,8.391654936593032,0
382627991,Cargo,253.03214652430827,17.70450405547583,11.490097669709565,0
369477403,Cargo,222.75305694694825,37.60772749670613,14.99332076184463,0
558485550,Cargo,278.0953212383053,26.382369311631866,10.840364166908348,0
310670867,Fishing,19.76455618713143,7.887929476274184,2.0906352303593874,1
581099006,Fishing,25.288757231490102,7.749196584227237,1.0755118389511502,1
469344701,Tanker,214.26032235739046,53.74438093170817,3.457303144085216,0
696400050,Tanker,438.2649120195997,38.93405239085348,15.820616467603292,0
638589102,Tanker,274.8819117238532,54.91919646345272,16.663224076833544,0
468253330,Fishing,22.955450203147755,4.693159034410552,2.150080454311354,1
614606254,Cargo,232.79503882648805,31.947361947187748,9.943873730662308,0
619648170,Tanker,226.68889281466684,40.79000083611062,16.318174483246565,0
283624212,Tanker,318.72335131284115,34.684430627569434,8.422600349298389,0
238067502,Passenger,122.64161992803612,31.046330554843696,4.120871893247632,0
224334476,Cargo,240.02047626138412,37.542913298135744,13.56674011442393,0
687925953,Fishing,32.083038472010635,7.332374492256806,2.1274846844081288,1
330285517,Fishing,8.59733360774684,3.1023247910237206,2.80895231005297,1
450118331,Cargo,172.5780164086505,47.25117332258572,12.016181557281302,0
633539154,Cargo,105.31926665231072,32.13293707372939,10.003616426086673,0
552558735,Fishing,16.829113689318092,4.501973332774325,2.928554342901219,1
379763383,Fishing,15.019701628202796,5.709705979549986,3.872919186770787,1
329290109,Passenger,124.80378981126351,30.751480131506966,7.559685321995217,0
604903581,Tanker,253.5959578159797,42.77376937958192,17.442634383354605,0
258665296,Cargo,134.5589800440444,36.77943784952673,11.218255591048703,0
506798051,Tanker,211.06516712365007,41.89092493839052,7.578586729788833,0
511534579,Fishing,32.8218260795576,4.746398620123846,1.9837508255417506,1
276776652,Tanker,263.57805608931204,44.27455924995116,7.507757759421793,0
516874487,Fishing,21.757751810017094,6.427734806196223,3.152354872033722,1
490283086,Fishing,32.06817429313734,10.790768468725851,3.88499338608111,1
594999559,Tanker,262.54415380707195,31.41550059625314,16.502351084161376,0
673451072,Cargo,209.24504084644883,19.470349215996933,10.622948006212276,0
491988274,Passenger,192.39762224236603,29.25448981083986,6.725256423201206,0
582588875,Cargo,162.53965211428704,33.41728914740435,10.235046006887782,0
604795096,Passenger,127.8051314891697,27.61121840624005,5.367192027797916,0
591046048,Tanker,210.5035934079209,36.06242683526788,13.590807082029183,0
631243091,Cargo,207.88753905148576,36.15771149771142,13.611653311506448,0
672663140,Cargo,78.73928610636996,29.698283333708652,9.780899560543592,0
240476415,Cargo,255.58592837620944,15.954357429303583,5.750507094761598,0
275452392,Cargo,210.99585753029672,16.739049409531436,14.864800299298965,0
617822154,Cargo,168.91864129820485,38.37507872483239,13.920622287625822,0
217278806,Fishing,9.462412339839357,10.453668974075086,3.3764095260975164,1
481867291,Fishing,15.979484456424895,6.9697667012360975,4.964695047968909,1
566538260,Tanker,197.2910298071158,25.87464236578997,5.024607533468409,0
263107629,Fishing,26.190184060539746,8.875191131760225,2.8168217310947714,1
562422096,Fishing,22.714000846599813,5.016951876174463,1.0,1
608587445,Tanker,238.53833424398985,49.14021959218205,8.206220508975456,0
378914681,Fishing,45.17907963833239,8.648950644705502,4.05361239924366,1
291465831,Fishing,17.76537191129712,5.710553530568857,3.135753879917665,1
443692964,Cargo,249.04267245687376,22.577704798083655,3.51531900004242,0
205813775,Cargo,212.77868268561843,48.82361858513478,12.358938129641341,0
218275555,Tanker,260.4004998622245,42.439531979085004,11.10719098146078,0
427271299,Cargo,274.4931719301041,32.9789491647869,11.698842639152112,0
643634913,Passenger,216.8593156472837,24.46220434070546,5.609912679700521,0
490873736,Passenger,148.353220923498,25.939012739455443,3.812565969297934,0
284143434,Tanker,174.39011408964518,33.83638591960523,10.499214478704252,0
334526345,Tanker,230.93709419462596,28.628586194637776,8.242376864797933,0
317103047,Passenger,98.07492459781479,32.89053403955757,4.659964698802176,0
382475315,Cargo,242.4281017237874,42.431834372143584,7.303560435895295,0
460399262,Tanker,230.80914860470935,41.51757992248741,8.659428393479908,0
556199345,Cargo,304.47693608473867,40.35583287622972,7.642961210164012,0
518133369,Cargo,173.50311152687553,32.24625785389019,12.524585026119277,0
400047305,Tanker,212.9418034363452,38.298203334934485,6.743730765863841,0
689461253,Tanker,164.56257085299129,37.333476707655855,10.283022318805353,0
508918543,Passenger,173.5421307908288,24.852826345452545,11.556666058323266,0
535093434,Tanker,252.8776867588928,43.318438632585156,10.304894354207876,0
513882934,Tanker,152.95822299348595,31.77568422745137,17.267835346746814,0
286783786,Tanker,275.55323237158217,40.19147777415752,9.434052363822762,0
600854367,Tanker,279.2723370922644,29.425288078041902,9.000754371334166,0
334642256,Tanker,263.9293569845221,27.96867397983307,11.974593772908525,0
238819913,Cargo,278.11275659752107,24.508530229542824,13.809036518806403,0
435162878,Tanker,174.97553596181695,46.045153263553665,15.529332249293637,0
609736794,Fishing,20.479096671669197,5.465850614731713,2.1819139503894975,1
284365163,Tanker,202.22975771837534,43.389936853092465,8.968031109925306,0
392892575,Passenger,87.3460106814363,10.492381586532105,11.000735023016162,0
589646739,Tanker,264.8507149945723,41.50405438176164,12.402080378032649,0
361272081,Cargo,229.38658262399713,11.59670963765828,14.830514588135818,0
316979456,Fishing,25.14273067836434,5.138181741810065,2.5929636870732193,1
550565060,Passenger,177.45273827826804,27.4589816579404,10.404110308031852,0
527871051,Tanker,201.69344560682245,49.57882228176977,15.117095549576653,0
275412007,Passenger,138.37699587610552,32.1012846622098,5.93056878437871,0
259646035,Fishing,10.48824309948441,7.963733156461836,1.747606555586881,1
651101286,Cargo,218.1815941312484,30.92179509636487,9.050324943212464,0
394312057,Cargo,200.55707815243787,37.096412905058074,13.796888606756895,0
553007804,Fishing,21.312040633221645,10.698305122267165,3.744584027199679,1
521211395,Cargo,111.07062079967416,33.19651825918977,8.487460506976985,0
266772797,Cargo,195.9238663449177,54.2240553878994,12.573323820985486,0
681793349,Cargo,163.4243298051835,19.768044886817055,6.910195987282759,0
648157486,Cargo,162.54842645224522,24.062046777436755,7.102727753181222,0
267154339,Fishing,31.66312500909212,9.387773878561854,1.2741932712094033,1
576330776,Cargo,166.12176738321725,21.460602916123072,7.22942382469381,0
573510639,Cargo,272.98659375189703,12.798974490521818,8.20472219396932,0
562155209,Tanker,263.7145916510738,22.51618343859135,12.532374940547136,0
658992341,Tanker,289.02700555216836,24.96919698240182,16.207790470891673,0
640302693,Fishing,15.01939372685587,10.139183542779811,3.9601385064797463,1
618415696,Cargo,254.09710298704246,39.95532469083081,12.448218530181544,0
646595238,Tanker,245.54734128703655,35.8222020256822,15.768952605989446,0
422888616,Cargo,172.08491230269848,18.998457670283052,11.318503691860679,0
466600622,Fishing,32.78936503512114,12.902404980466605,1.0,1
661710809,Cargo,222.7091583594919,24.652667524404087,7.862517421575287,0
582240627,Cargo,272.2210194076846,32.56054864283259,9.03028610643373,0
600626337,Tanker,158.92757519915142,36.42970799193391,15.561532654079144,0
595288496,Tanker,284.512300966394,16.671621994757515,17.3989581182025,0
660696911,Cargo,188.10282263264628,32.690240681375336,10.730911141082563,0
228840826,Cargo,269.3379033065577,31.87164020486162,10.68977940368029,0
200125355,Tanker,291.6087347148396,36.0798736008087,16.239745536186486,0
458974070,Cargo,230.85029747883488,42.119439853864,10.783751593701568,0
252212945,Passenger,123.48860794033058,22.518476345223583,4.546248930972421,0
457674117,Tanker,223.92129461258833,52.177484856512,8.526235882991404,0
493574773,Tanker,206.2872986607996,27.219415208821985,11.016600084088013,0
509714810,Tanker,213.1458028870782,38.441018220633325,9.806850814037595,0
271873676,Passenger,178.0370286174841,29.275766827410113,7.527678008497785,0
634232796,Fishing,21.396253534196003,7.11720538461933,2.471963002147045,1
444894409,Cargo,220.24570494795648,29.57664341801763,10.339288413460713,0
438351016,Passenger,112.4269304853624,29.450992055623935,9.070498669447506,0
614568154,Tanker,202.17143653560595,40.36874804186346,13.562375624796946,0
224483329,Fishing,49.53903345943571,10.845339049584606,1.7140452262851738,1
645118378,Passenger,102.56355963068616,26.724485041249597,10.531418532900807,0
595546082,Tanker,212.32700713349263,27.004187630724022,15.318929671516699,0
586613058,Cargo,250.38267463001984,9.938697968976054,15.846012873164458,0
310622138,Tanker,216.48911547436677,46.55601427549508,5.853905540224867,0
508094016,Fishing,23.66111073434284,4.979061579660077,1.7039763797486078,1
228699540,Passenger,170.28325035038196,26.95347960464072,4.347055743377834,0
436703768,Fishing,26.420558115939997,6.49735567609376,3.6212185469390477,1
477676114,Tanker,240.22722535243355,38.902304961838574,13.989941029222631,0
472904809,Fishing,16.686005327325468,10.092759801041534,2.9749912936909584,1
530904241,Fishing,46.05677066340631,8.675923766122825,2.6304730711666418,1
453493147,Passenger,160.4355625872839,26.48563676059702,1.3601381359931581,0
647415131,Passenger,173.29792498619324,32.841198794598256,9.58073624438934,0
582478547,Cargo,229.35688421064236,18.715263702524535,7.080653919336039,0
617023136,Cargo,106.12785573819455,24.19946758629957,10.718213501606131,0
580069513,Passenger,139.17517681888253,29.46294758557176,3.3450512918940194,0
296414082,Fishing,24.45191365082522,12.25106123894488,3.681339503185609,1
292122861,Fishing,34.77568032161546,5.741465691842828,1.6239577362106457,1
559088422,Fishing,21.603983655116327,5.642041902095053,1.6189553968462251,1
378082440,Fishing,34.993297112397535,7.288769027343266,4.054666578768764,1
350433393,Tanker,276.164917307635,45.38324022396927,12.73699165577641,0
521019745,Cargo,274.9517202329713,30.004212592371186,6.125466696712585,0
340157062,Tanker,275.6258390075001,39.86162253905763,9.241088903743304,0
652660430,Passenger,189.15696027461695,19.9674335364521,6.942582819575544,0
680523604,Passenger,143.8504971069112,27.71352198988362,4.9222804204262385,0
475417708,Fishing,22.910715131204228,11.803766399995663,2.8958758457754774,1
220969112,Tanker,296.78532977732925,26.489256337919787,6.710168173025719,0
368761496,Fishing,20.072504472200475,9.708242800703106,3.5614020498477426,1
224198505,Tanker,286.38568082140426,30.99352881772324,8.930851639099203,0
322657596,Cargo,253.2438369645119,8.597341212220208,5.79797802664431,0
423083945,Fishing,25.143320598441566,7.027291967455399,3.80292396908066,1
369720221,Tanker,373.3926138897725,28.69111564674084,13.894528307245817,0
496136237,Cargo,153.6809435009231,27.77795337077099,2.7715770363451284,0
696610550,Tanker,256.726296809471,57.44639173258682,10.875921410913657,0
652455419,Cargo,221.24830581237725,20.270502206833346,10.628340796889253,0
462003722,Cargo,131.11912496228814,24.352259958290578,13.064149886288195,0
431689149,Tanker,375.3065663721955,43.81148046654322,15.164278809104436,0
215438825,Tanker,250.0267296512527,27.028313781151237,16.06091236666029,0
339603887,Tanker,235.5261360221589,41.33151211424286,13.205682062067067,0
449654588,Tanker,196.27922065821855,35.918991608397796,8.016738420839083,0
288797488,Cargo,232.55681209118285,40.92498538085353,12.147857253051702,0
313770688,Passenger,148.17199075612882,21.17504025621936,11.057257848539745,0
214054779,Tanker,307.50859165628526,43.498123425488636,14.30810330667381,0
211331383,Tanker,272.32632835641175,43.891591956679285,11.78751738792982,0
378491112,Cargo,261.1784441209314,40.441910887908655,19.365690692278132,0
326996392,Fishing,24.098752590089887,11.070156744882205,2.8154153367546844,1
314993586,Fishing,18.01804466908391,5.308860708064235,2.326953154872988,1
647793669,Cargo,242.42154411026422,7.531106660153948,8.17989911570411,0
431131692,Cargo,210.56418461397362,22.491946949122593,9.719162772149657,0
665612839,Fishing,23.132280858047086,6.147172454597641,4.761688930792192,1
559770730,Tanker,233.0292072293324,38.16806081778075,14.604645842609253,0
596535039,Fishing,22.98508466052482,7.9804360543116255,3.59879438956191,1
485457816,Tanker,290.1004293230848,23.39517332306176,19.27855740824476,0
290508655,Tanker,295.06785086835106,46.24071415119476,7.422954274433168,0
578970155,Tanker,253.43742126718098,32.793603281680504,14.115325207252079,0
266183387,Cargo,145.03858748209282,26.481758276627783,11.917808613570752,0
304379225,Tanker,162.0275301462301,41.90635591265024,15.765242323069934,0
335191465,Tanker,205.07918790969163,22.997902574823435,8.779770430626385,0
459299128,Tanker,340.32493603050773,32.419146733128,9.2504627516372,0
341040331,Tanker,306.5541129121714,48.604560484222034,20.309519982364975,0
495747954,Cargo,271.06414914762496,35.107920885275945,13.091741756872171,0
294257535,Fishing,41.30667777237564,15.259375199031389,4.319860670665481,1
323370461,Cargo,236.35828721990143,21.825991030926502,8.171296513492052,0
602505484,Tanker,312.3637031825283,44.966647342273745,11.373971876658509,0
357661143,Passenger,202.33263323565743,26.30221131666778,5.922316287614524,0
446300187,Cargo,190.5302429626393,15.12766132253757,8.31517889488551,0
519231566,Fishing,9.363103146545749,6.385888270587733,3.0669157242373686,1
513650053,Tanker,168.53065227774675,36.77435215898023,18.90650602598638,0
379408972,Tanker,256.2278308657656,43.35058029084117,13.264623828731112,0
529434293,Cargo,322.47298994790503,18.23696743076731,6.770610758401591,0
271772618,Passenger,103.60982211591468,31.073985284471924,5.804862728466068,0
469629438,Tanker,235.82583211012496,34.719661614366956,12.958355522896674,0
232833206,Cargo,224.20795594664764,33.868085206892026,13.272941275557901,0
371004612,Tanker,264.9585157385037,50.450884740847535,12.579551332387565,0
489024682,Fishing,25.239030432849553,5.483176243759093,3.4086652833721685,1
498433583,Tanker,292.2184969475905,41.591589453321056,11.174076059292611,0
572098362,Tanker,283.62888392829615,14.828568579037551,6.568836418968493,0
676935925,Tanker,287.53048100986217,48.85231482988991,9.630576177391786,0
413830545,Tanker,257.41286175733495,49.382219976557316,10.58025019427087,0
414950986,Cargo,200.06898255039926,17.232270478689134,13.338839590621609,0
308612041,Tanker,314.65907857174864,56.083893113571925,13.419873019030662,0
366762688,Fishing,30.628808601743547,5.360556939493837,4.987061111699441,1
392107149,Fishing,19.690291021880356,8.507217588365561,2.5992906925169263,1
399433274,Cargo,242.32590458636687,34.997664384960224,7.0592164711074705,0
323227084,Tanker,433.7168179243731,51.84172527660146,13.199098254886259,0
537403317,Tanker,355.3285418989294,55.73019725214857,10.136777723527349,0
407597863,Cargo,192.45811442166524,31.643183319010117,9.680743359991034,0
233993871,Tanker,300.05370439597294,56.43690495252238,13.767103986354925,0
201894554,Tanker,250.08771005148898,31.04443906453665,15.984034637554679,0
524497586,Fishing,27.88653930807484,8.224328803765905,4.192496559031471,1
566270739,Cargo,193.99431783943152,21.798782799037905,4.192703358366284,0
390304016,Cargo,189.707028455983,22.53421653459761,9.469677510652653,0
633697673,Cargo,122.56908505681267,28.883976691570986,7.686947744904251,0
673751332,Tanker,147.8672040351993,35.37184313660489,9.549221416489566,0
661734749,Cargo,252.5947528632802,15.85024128123952,6.1003171621110255,0
631099939,Cargo,229.75147329177824,24.425769468916787,8.761006533569699,0
328528254,Fishing,15.733016911526892,6.533450471771691,2.72156711736115,1
550793738,Fishing,38.52028476180715,8.846562222291281,3.2364178623599327,1
281942765,Tanker,186.2189205053802,41.16438240663393,11.595844892472309,0
669158622,Tanker,304.9234165336097,34.504597254044654,11.532936336819013,0
629522828,Tanker,211.8665295157358,46.29914862046294,3.842274006720272,0
368370064,Passenger,133.43515328217816,29.02945114273913,9.447706397147456,0
262359944,Passenger,155.47287318685173,12.282509085222632,10.97426194134021,0
455889227,Tanker,324.81350293208317,39.379959906339685,15.805797108232346,0
536008630,Tanker,228.0095787779169,32.86109012566733,18.76071053338383,0
321539047,Tanker,265.7170209604788,27.448922507433643,10.595215192784938,0
650227331,Tanker,411.08045428384446,31.21729926326634,15.847826478221513,0
649697911,Cargo,170.5566586630652,21.627375689502998,8.176374217972546,0
353362837,Fishing,19.608772968510213,12.145351692355817,4.8730206235754565,1
277314232,Tanker,208.42094816011004,48.007480213232995,16.952951762585727,0
576450884,Tanker,197.38044432936687,45.19999075797811,8.088651198514857,0
600323325,Cargo,323.9694709354956,52.67180195098223,14.481814599395035,0
630705577,Tanker,281.6741589365738,45.348173363459104,16.915922009956248,0
316172725,Fishing,28.85660000469238,3.0041459986026435,2.363710454321919,1
515692762,Cargo,153.60330200311398,23.43804045111557,7.801321342818323,0
599728550,Passenger,184.58119634163182,32.59443290726332,7.159952989556142,0
458437132,Fishing,41.117905913123955,6.421256430447737,4.388337778208448,1
396315916,Fishing,36.30983473135212,10.250834432598543,3.1314193440413507,1
393413262,Cargo,179.62614142925685,30.212804371040633,12.660197078663627,0
415792086,Tanker,164.4644010713138,48.12914244897471,8.890439696564382,0
589478539,Cargo,234.66623451663006,24.301670717612414,10.988526206719028,0
333357639,Tanker,263.4909289627383,44.85464524646741,6.985199480407118,0
494054502,Cargo,223.13330684099438,33.25014136256542,8.661271977340746,0
425026780,Cargo,210.10104684950036,32.14940169938933,9.404079221031916,0
530105023,Cargo,231.64838253004044,21.66015645800533,9.582123964670112,0
387184498,Cargo,190.2651351941659,29.35811822891502,10.275257453345118,0
266556571,Passenger,160.0896158570671,33.49747226335673,9.156006745414953,0
396084763,Cargo,216.56708233896703,35.33400851237562,7.1119389036761405,0
244171571,Passenger,110.76051206684326,27.35236828058366,10.895633574508631,0
460467387,Cargo,169.80096870153852,27.70451344639653,5.081547512423698,0
563233063,Cargo,180.37644469695636,33.28760300342845,10.08340874721982,0
534207345,Passenger,106.18396387963054,26.491959232831523,6.889603531425247,0
221588887,Tanker,279.0927208919279,60.756375421658376,10.510910062857604,0
216613311,Fishing,17.039839347841223,6.321011930648101,2.3509462795716276,1
346914416,Passenger,136.13386554279558,20.255417395875813,10.494726395831115,0
241175390,Tanker,326.2642989804557,32.92883995367721,7.826660627798655,0
479422197,Cargo,146.85166719875025,24.97724825492114,8.521734366417764,0
436041176,Cargo,211.32543248360057,32.550533488895766,9.830380768054797,0
445470972,Cargo,134.88803954918384,10.877450245802232,9.794097861743595,0
452732717,Tanker,319.12188416857094,58.221689493957065,5.589295420565623,0
599039851,Cargo,139.2201002022876,38.521788848080185,13.754369265442794,0
504861147,Passenger,152.67259532709622,30.384614126464253,5.517213446739486,0
490593971,Tanker,349.6481441162745,38.77291066404276,12.373489497106604,0
582173494,Tanker,206.10744582282055,37.51641973587876,6.301665441075632,0
343881729,Fishing,29.427855253218524,9.270025845825726,5.08076590403919,1
404113497,Cargo,233.88198442416737,37.90501360661723,5.298012539426416,0
387134557,Tanker,272.7008317364358,20.92192442122609,8.558459956881993,0
426625075,Cargo,201.16647543235885,25.324006595050037,6.770508194771074,0
297682857,Tanker,263.27716730383196,44.29563000203479,13.73355446293558,0
633014764,Tanker,220.69649615097808,44.201179982519726,12.322826505546965,0
563315365,Cargo,168.440511527831,14.806539245231573,1.5035332056682909,0
613342061,Fishing,21.98218612950248,7.202858487165625,4.494251246256332,1
310627230,Fishing,29.363351884155083,9.232286568727652,2.813196608738998,1
452326869,Cargo,192.89961934852366,22.41147868962362,11.921191554735033,0
355558597,Cargo,207.4485974663605,41.87719177166401,14.606687133746245,0
428070648,Cargo,182.87253995711174,31.70463770996571,7.111802304146163,0
472653802,Tanker,237.6033232182372,40.76238227681574,11.28080221939387,0
657328531,Tanker,118.88218915990565,51.438367264203904,13.613201560981127,0
304197446,Tanker,275.65703689508695,35.3478313338192,10.844818789202055,0
363949708,Cargo,316.6644660824891,49.55230030907778,7.28972075089317,0
441926951,Cargo,164.58661302984933,33.17453261250175,9.001418786852467,0
389764012,Cargo,204.9534537961705,14.826937843215068,8.376748510966541,0
602329358,Cargo,214.06107757382296,33.53547863198677,9.23220831499074,0
377899890,Passenger,89.29851471938422,20.01982436148668,5.996056585270613,0
384908657,Cargo,186.83725848681854,22.669670044760107,15.454185767673474,0
519852714,Fishing,28.023113051476425,10.258481641425417,2.6032550210056264,1
202050053,Fishing,22.34224303545723,9.96402985244694,2.5267349531669514,1
260539487,Tanker,279.9646641516762,37.19423322055191,13.351734882538649,0
537103977,Tanker,234.97608115779485,39.05541285557997,13.678439888096472,0
611484036,Fishing,27.708425773529946,8.90575478914783,1.9281431977675214,1
268412170,Cargo,191.33603541130515,44.852192410127266,9.27490464575053,0
484035147,Passenger,201.29453896462417,30.438699216168736,7.88700344116905,0
445742638,Cargo,142.4065807706613,38.52345166461767,9.980960736781494,0
223627745,Fishing,21.99140252859174,4.371569193743584,3.388978729352184,1
277755705,Cargo,212.57368044702562,40.83273243466217,8.300779771112543,0
348712802,Cargo,143.36654740615518,33.443557692879565,8.879013765207489,0
421035339,Fishing,19.92728589406188,6.835706278701199,1.611014863827542,1
663663586,Cargo,203.63402621646708,25.885068554378197,9.732297537335652,0
297428812,Tanker,247.7457613012311,38.79729409797464,12.064517180980085,0
351904154,Cargo,149.02468988079065,39.344277832313075,9.274751083319659,0
417209831,Tanker,296.80421784346385,38.16336967497533,8.660946442430419,0
615675454,Cargo,164.6187052588987,22.878261358239563,9.668003894328011,0
360317028,Cargo,155.1678886342396,2.0,8.875533830134582,0
284062435,Cargo,225.08594965138496,48.42903048304651,8.046807994255383,0
353771318,Cargo,168.30272950532907,28.28052065088724,9.490995523656334,0
677062307,Cargo,150.5193020498592,27.56096778674537,11.158923645342604,0
575949074,Tanker,226.7260474789565,30.54253939303219,14.432984766739875,0
242211548,Tanker,172.3708358917347,27.658788649909297,9.052793178714486,0
299235365,Cargo,181.66342259804904,37.61305563409452,6.562298230053015,0
406554120,Fishing,15.45960864455642,8.330777352466727,3.1285539233900654,1
552289045,Tanker,227.57310368853828,28.032113535736883,15.574790757556443,0
498621576,Cargo,244.64769350543847,48.29620201716087,8.770940222111507,0
454955706,Tanker,292.73932957480974,24.649597524676402,4.479959864368945,0
475873552,Cargo,311.3009442883345,30.109244855735554,9.830410349860959,0
217929098,Cargo,180.86406039207213,44.69582537360886,10.886281859694655,0
493691697,Cargo,190.1996583264155,13.373736777486451,5.784252427680073,0
332797620,Tanker,247.8526188437022,32.27340554729176,15.32076724745044,0
641705579,Fishing,23.619481500276226,7.143081297504235,3.683672421416917,1
355223031,Cargo,197.22763189431035,21.917815912133637,12.12978738760158,0
225657039,Cargo,181.97950072150732,27.257149692873988,8.028550507634307,0
451051167,Passenger,163.69404716118427,28.896745019526662,6.921960961244912,0
587994187,Cargo,203.94639095361103,26.963614630121423,11.299347891619332,0
317920321,Tanker,273.3079849028975,54.43289553631942,3.1743246064650688,0
397276570,Cargo,258.3443937844928,35.09536295435931,13.767918761293465,0
375668563,Tanker,224.85028348996167,40.1249932190725,23.47361222266707,0
586018125,Cargo,218.81608885155916,33.112158979514895,10.399320707391889,0
637394453,Passenger,144.7102778350647,34.50779627556835,7.489638747789079,0
381209816,Passenger,184.94638707577172,22.513680166819107,9.608176920093989,0
227205484,Cargo,291.93842118831867,21.189316633387076,7.863337709052847,0
237416039,Tanker,240.2276127405052,29.480850749443107,12.345701675144765,0
574791766,Passenger,141.43301851457997,15.14999772290563,8.417437347035863,0
605526059,Cargo,196.30770364177255,37.96575507529001,3.9641259175005557,0
285482326,Fishing,24.886095915212685,10.644222586770713,3.7211353625455814,1
200131936,Cargo,142.39153102399905,31.780307346793723,10.369318253762827,0
238837854,Fishing,34.243342829917815,12.254721064272692,1.411181524679779,1
695205976,Cargo,178.18202656408798,5.921316730731143,7.6129307110141715,0
270086163,Cargo,190.80765596390603,42.769653860881874,11.014070443305124,0
439418478,Cargo,193.9451655767103,9.932213122335188,10.814172942993093,0
692506784,Tanker,313.43157993909495,30.830724546700704,13.306496870260537,0
493870795,Tanker,155.33787450202846,44.711437497620906,10.704320733812281,0
597286362,Passenger,203.19987350186628,19.090629372895993,7.898947825664614,0
348354133,Cargo,195.97171008438147,10.483928064598471,8.094317600412397,0
419262151,Cargo,235.21111447422084,55.54686325902116,8.073416042397186,0
569505299,Tanker,311.1013230536962,44.65346173526646,11.904090790008144,0
406554890,Cargo,222.0635767260844,41.038773433162575,11.425503239486146,0
293572370,Cargo,145.3918183640955,38.34751326324882,12.741314864156758,0
457373415,Fishing,9.542702133092668,4.689086386251806,3.1356320087759535,1
520569606,Fishing,19.808426772063097,14.492022121737069,3.5987390159931403,1
666526122,Tanker,194.78568821341736,40.46900565690211,14.78794208937223,0
410916047,Fishing,14.736307923341078,11.69000171815745,2.035294574249285,1
540091245,Fishing,41.28468554772322,5.064631239802379,1.5488936128299917,1
371862444,Tanker,263.0815055279539,30.211857539188607,11.647822123295825,0
583563218,Cargo,216.91262437645892,29.988532109245362,7.833796021013117,0
690227437,Cargo,142.33337983971273,13.126556528892896,4.618322506396329,0
487906367,Tanker,168.67314981326265,17.354850206038837,8.259332680626859,0
371628760,Tanker,260.3516069753854,45.108629891483176,21.778331010330024,0
313652453,Tanker,217.46305973424015,35.98012442324365,14.921448761335785,0
417416891,Cargo,225.29827767279326,22.717277975933868,16.49516820341981,0
530633506,Fishing,36.90548594343596,7.011682588723629,2.4858474834792563,1
328721651,Cargo,206.19587131713223,22.08290649432405,9.38711400009449,0
279325711,Cargo,240.195966544036,40.62016176795537,10.502552837590127,0
691344292,Cargo,225.27946209179373,44.89113108328289,16.814349236268388,0
343750673,Fishing,20.956025768160387,5.104302197364627,2.3887306008051823,1
513960830,Tanker,283.574623690628,31.86469650633764,11.5944869749432,0
546368606,Tanker,220.4336363054238,45.28517884394926,17.125570195931346,0
569934740,Cargo,103.43115696034808,38.70248993911311,9.109309446038488,0
209003281,Cargo,203.44310073075349,38.407344821295496,10.62340752205994,0
592271268,Cargo,186.76786568496374,16.36921655102306,8.078806962824183,0
492526039,Tanker,200.96227234716144,52.691726564583796,12.851799894686492,0
347770392,Tanker,231.80614455742793,39.658850974856556,14.249376156936668,0
372335327,Cargo,180.60999455668636,35.73744421004413,6.171086750384992,0
457003948,Tanker,276.04853321573296,44.27133728687661,9.244166354166017,0
384675578,Fishing,34.1509473958295,6.222471304361209,3.2349778748162468,1
364783982,Tanker,275.86725784584456,33.6470839531391,14.219760798269348,0
650137381,Cargo,127.57050987418792,2.0,16.15891607350499,0
582881782,Cargo,194.18046685696117,16.07610472216313,13.166633806395925,0
530033160,Passenger,260.0289212214932,27.734805477316453,7.137691462567705,0
620939790,Cargo,230.41827714474186,35.243260359979054,10.17140906548379,0
545278729,Tanker,305.4517279594121,35.45452281256556,11.125386890259856,0
208351184,Cargo,232.2584562686409,37.44991419614082,7.229998166893635,0
482292357,Cargo,224.96300156913992,33.191602900919904,10.393062286236095,0
230663820,Cargo,186.87298383589692,24.98634580516048,7.113432460057945,0
548521527,Cargo,225.12236333645038,26.978194130173787,2.1905887365181043,0
303100883,Tanker,228.90567528399237,40.58587137542353,12.209274191289932,0
692862950,Passenger,169.63314002472382,18.030844780935386,5.867742822784864,0
432064117,Cargo,136.92905041242997,35.07341021892874,7.195963868550235,0
335860811,Cargo,210.5728876933618,28.168495289467053,8.929980597460386,0
339267786,Cargo,176.88713599595744,39.07618276800207,10.337086380777412,0
693364951,Fishing,25.455897035030084,3.418112928716573,1.2978656000252982,1
440053910,Passenger,125.81351730019138,29.128631814735893,5.457060709557014,0
491943091,Tanker,333.81769482747035,32.04442932059118,13.69757575144405,0
408685647,Tanker,312.17148966351465,55.35468449934524,9.330769330582472,0
281260962,Tanker,256.22637020802614,29.98937786615567,10.865261225287389,0
519000566,Cargo,113.49831302823542,48.832757674110624,9.266667010226909,0
426902642,Cargo,149.93207503847245,28.02062271015318,16.203719014490655,0
663045789,Tanker,239.3237095004837,45.19863439799813,14.97324851817168,0
479218010,Cargo,138.92524684667174,16.03065908532041,11.016095106517556,0
308229287,Fishing,23.165127570014928,2.9905995407109582,3.0467714308408467,1
489441900,Cargo,194.64235594822318,17.008044816876644,8.877821051226146,0
223641900,Tanker,183.30518502918693,39.64174421293537,9.874181794563139,0
258874792,Tanker,155.92843447807266,34.446576961366745,8.105511961537491,0
341798730,Tanker,309.6357854272991,30.917938177114294,12.256668502498696,0
412211190,Passenger,135.59576189447253,21.642189497078686,7.2258960648840675,0
584030655,Cargo,90.50391475107233,41.94592220513731,12.875157459526127,0
296913836,Cargo,202.58304884255398,19.440741864891567,9.954122017115626,0
483801487,Tanker,325.1853350381246,43.91670615615271,18.235192277991555,0
509765760,Passenger,132.45016319806825,20.279021778117013,6.0282746231913915,0
374766951,Cargo,159.23121858419393,19.337650681007748,16.374314209050883,0
695728479,Tanker,329.88034371930416,36.112835090627726,13.597594997114065,0
297371145,Fishing,10.108535821008717,8.282372803367828,2.2809933323185962,1
259537422,Fishing,9.36910501839586,10.995268469366522,2.6908461886434867,1
386980505,Cargo,315.18193760523945,15.205557768602759,13.777699719360397,0
676388972,Passenger,195.8576348160291,20.133105809864826,9.01426667294632,0
411402223,Fishing,21.085200499118077,7.52199372591259,2.607197803480813,1
357736443,Cargo,131.85442933250127,37.917964128034704,12.357436027890428,0
353255735,Cargo,208.88552225150994,36.37338547767729,5.378987520635813,0
313263326,Fishing,11.062066335299768,5.04258857399652,2.7158449020712028,1
648007180,Tanker,365.5724537639547,29.521779458723078,8.741983156953559,0
550387786,Cargo,269.2162209077125,42.90261129046065,12.292315888984284,0
330246458,Cargo,200.5321121616325,27.75769793395252,11.452772699782905,0
265256994,Cargo,226.68730518707864,26.60877720729961,11.110183345806867,0
207200262,Passenger,139.31494656237228,27.315676371205054,6.281022419592761,0
419924652,Tanker,400.2277736361264,34.35018088967924,13.692849497828071,0
500751062,Tanker,224.2320913899305,48.83046127701029,12.61209037490354,0
440720765,Cargo,179.84053667231046,39.89860140585999,8.154436972853178,0
252828237,Fishing,16.681187565761256,7.672302709440366,1.9058847073319924,1
503867667,Passenger,180.2360486638541,29.73681199729982,5.591349619582937,0
679159916,Fishing,35.29457481598357,10.616946140085352,1.8569806879262714,1
388370677,Fishing,33.20158186755484,10.382736773002902,2.5741384135984022,1
598197199,Passenger,135.97158221506015,30.249970837252842,7.677783196437043,0
475718833,Tanker,229.95181309240945,54.61284277535237,4.62434084693888,0
638946000,Cargo,263.76953689995077,28.48285566422771,11.600077734116349,0
581624435,Cargo,241.97342522592024,48.51881891933872,9.156797086175901,0
272989790,Passenger,164.45662095087917,28.04114447653656,6.558115476990479,0
402708302,Fishing,15.718573617209495,7.388477207784053,2.417692430467237,1
664169206,Fishing,15.836790809265803,5.48923788861116,2.8596249410946637,1
277832543,Fishing,28.07612668189196,7.734262907540995,3.1308934879437955,1
224219726,Cargo,131.58655306371855,17.46704372696735,1.833166777230566,0
223711646,Fishing,34.42545228453472,7.341558340357014,2.0136732360749425,1
293437274,Cargo,190.92754653762415,28.936629974686852,12.98674454200609,0
402689108,Tanker,352.1903565950823,52.41392331313189,10.604071795726659,0
643423025,Fishing,15.045963969752524,13.481784514871041,1.3446311185941984,1
255296596,Fishing,22.14496303028885,11.65913224967058,3.7960927059985687,1
610828760,Cargo,239.65878441093386,28.779428678787227,8.626454841452531,0
387669188,Cargo,192.03188839270467,36.955233489652585,18.652696829720938,0
510217377,Cargo,207.47097367545985,27.116077996997006,9.640176179120582,0
253226755,Cargo,237.02035611886186,29.16018131193827,9.84787234040355,0
569371296,Fishing,19.140723266822448,8.987320336130388,4.252842634427484,1
497140452,Cargo,177.58876918499251,39.607021407191944,11.70612704810702,0
299572369,Fishing,22.875710700895336,12.512642848489769,2.9898342792572232,1
219625255,Passenger,161.85457757018543,29.548257697794128,5.579626101116576,0
301543728,Fishing,15.246339727217501,11.910523795804277,3.66470274533311,1
532961751,Cargo,172.3539581316349,16.60838264463518,10.479230101152234,0
463818936,Tanker,210.45959450605997,23.35523264666778,15.680045840021585,0
682797042,Passenger,137.94547518239256,21.388655581730564,6.376025982703991,0
458672751,Passenger,195.02771264067664,19.00431382825865,5.032412164618356,0
289155041,Cargo,249.5399044176104,31.810627427710823,13.909834111948191,0
545522354,Cargo,285.49140930384993,28.312778218027297,9.451019734579898,0
574888985,Tanker,183.8614315455225,55.69866436259967,12.274548193710862,0
346897066,Passenger,152.14091191596182,26.214686772128534,9.111073947298838,0
219485901,Passenger,150.41376063343048,18.913586538897604,7.318925013608259,0
382821897,Tanker,235.8924200470533,26.385276638672707,13.911775509335627,0
364765824,Tanker,311.1287247820566,41.63405474022404,7.21750491657915,0
210149777,Cargo,168.89360813716428,24.46312257970336,12.704653769724294,0
697456346,Fishing,35.601477052026596,6.800302813606589,3.269294752580734,1
228417654,Passenger,56.666086326113586,13.110622326115655,8.247899883690938,0
523335776,Tanker,328.02964913984835,42.78991794748474,15.447267212875296,0
496511366,Fishing,27.478112795145265,11.849420915894243,3.539473373693372,1
521293401,Tanker,263.0143866239418,52.37653757511998,13.519070544163585,0
231218896,Cargo,223.02202537898683,29.27152832947828,12.352499332652677,0
571565263,Passenger,226.84670482276164,20.07402798606326,9.80988465843624,0
539678928,Fishing,23.70468592277566,3.8442287314780925,1.0,1
363670028,Tanker,218.8791650718569,52.96063061781396,7.571372732790193,0
479374270,Cargo,255.64350703842484,32.38480811363931,7.482038794661622,0
531354152,Cargo,267.7220536392138,24.638278333760102,9.207886714016796,0
225971841,Passenger,92.53829063823062,22.10013200429588,5.9246508376131155,0
502406449,Cargo,253.42604416934722,33.195246707829554,14.960851805476855,0
431899287,Fishing,15.724356471375414,11.207838372717323,1.709282480211588,1
693519004,Fishing,29.29350235422472,9.143732799434218,2.864072710144233,1
618455415,Fishing,18.773468015386285,8.331106570150746,2.9914317119892337,1
574131545,Cargo,100.54803464244924,28.568842630362223,12.361092510614842,0
571732571,Cargo,255.42283282214117,34.180986054372354,4.567607198321097,0
467112119,Tanker,278.9838015556794,32.00059493298066,4.36799145150677,0
686428002,Fishing,8.36246804968008,11.147376251720077,2.433432805471031,1
504751744,Fishing,25.550546219869616,7.6267180306807445,2.4309726377248064,1
523627449,Tanker,188.1906319921843,64.00744969459319,10.445020699176872,0
604268365,Tanker,391.09612320246714,25.847328080758125,12.874136169643783,0
315395704,Cargo,125.04920197707993,29.081552356650448,9.737694013668456,0
298591883,Tanker,282.89917765326993,40.42352130767432,14.196860730000186,0
439111037,Tanker,187.84534089925262,38.53441464308321,15.01072926114423,0
417585019,Fishing,13.125345982615615,9.951379882213091,3.4339898250067042,1
656342795,Passenger,181.3394528636841,27.213120946166725,3.550990427850428,0
267330285,Passenger,120.42668842573104,23.25280336391522,5.454862502487519,0
617953501,Fishing,14.770544797665046,6.266043840728976,5.112345888290289,1
635534388,Cargo,269.84654696778176,30.9697017676085,9.56713617208978,0
444029962,Fishing,32.86604108616077,6.37328684591651,3.8231941026928866,1
266774402,Cargo,234.15954551826565,24.193516974460493,8.165844257834117,0
509527700,Cargo,225.37271691432701,38.35754013857501,10.402122658699072,0
264773622,Cargo,212.03163720125772,33.33240036522429,10.50953409174709,0
238243565,Tanker,328.8577006310651,41.31669434635388,12.51654781258069,0
660738304,Fishing,23.236446635813174,14.04582533138192,4.290644460922547,1
220346985,Cargo,228.31133824479753,33.010236041635615,7.002400883496921,0
612885321,Cargo,210.9898367499051,17.255071175009775,11.138650913836688,0
306364344,Tanker,235.03815390244327,65.01645035135112,3.7681329864129793,0
511625225,Tanker,271.37300258886773,34.088832626152914,15.053043687499368,0
245327209,Fishing,44.234457948249535,5.676155089944254,1.3108169620327383,1
616621873,Tanker,221.7241755578488,24.850757246299473,8.795732038400704,0
571152165,Fishing,24.70258345844616,6.361666991784292,3.596862181074263,1
426838160,Cargo,188.38477531319154,24.022396672235715,10.50699898093346,0
405110391,Cargo,200.90084360222232,34.72630345843405,5.899424910157521,0
432570298,Tanker,285.55403643083986,47.01496868118987,15.174434748144847,0
610888139,Tanker,207.09620676175444,33.90099237128078,18.30155789622466,0
529887513,Cargo,201.4395406869241,44.483508569292766,9.497727394949221,0
414548711,Tanker,245.25595948812662,34.20875890364253,10.076664841952082,0
371465953,Tanker,291.77007982955735,50.006627051583436,13.294793768059598,0
323638161,Cargo,138.23597526168626,18.77846762119003,9.171041094620657,0
271279027,Cargo,159.19810523028642,37.0704589413407,18.24593480345166,0
273913944,Cargo,243.11117559434885,15.837729442073545,6.546538790341392,0
337088309,Fishing,5.0,5.149592741349479,2.8013148870510376,1
403257967,Cargo,246.34334428759792,52.0422896929564,7.688851183851629,0
454339962,Fishing,12.698617562419122,8.78960876899028,2.5843117997104375,1
580899995,Passenger,195.2460511314471,25.514772084944557,9.133437660108653,0
351248022,Cargo,183.9043429434955,44.62195938717637,11.345907293543583,0
220777956,Tanker,167.71798790905706,41.662341319881214,8.098479059322651,0
607896718,Cargo,246.80178272419536,37.63697715848047,13.382122031336667,0
453595375,Cargo,180.86124089108392,19.597497330091944,11.994866373207149,0
527148764,Passenger,110.47346609318363,16.8944026147191,6.3485484465258235,0
617768934,Tanker,226.6991837019305,36.94380888931687,14.534644099096235,0
480959311,Tanker,208.10801952333702,34.132169704905145,15.977344319511715,0
230635609,Cargo,203.97523661838494,30.65350596097764,10.239269580697648,0
255717557,Passenger,115.63067431614316,20.45369948383575,7.581088518959492,0
465993441,Passenger,106.05518299288751,32.10252143635532,6.773038708235717,0
525594679,Cargo,211.07792368121056,36.698714547586604,10.604632005398265,0
339376298,Passenger,175.97458737350107,29.056017639313367,6.676888032748223,0
434034571,Cargo,168.75617911172247,28.67434322655103,8.882293472870652,0
689688673,Tanker,232.34544966181255,53.565833858279824,11.198589688823345,0
602746430,Passenger,159.27368368539393,18.570986829677377,8.747543992097592,0
